Industry,Skill Type,Skill
Cyber Secuirty,Programming/Technical,Python
Cyber Secuirty,Programming/Technical,R
Cyber Secuirty,Programming/Technical,SQL
Cyber Secuirty,Programming/Technical,SPARKML
Cyber Secuirty,Programming/Technical,sckit
Cyber Secuirty,Programming/Technical,caret
Cyber Secuirty,Business,mlr
Cyber Secuirty,Programming/Technical,mlib
Cyber Secuirty,Programming/Technical,Data Mining
Cyber Secuirty,Soft Skill,Problem Solving Skills
Cyber Secuirty,Business,Automating IT tasks
Cyber Secuirty,Programming/Technical,Anti-DDOS
Cyber Secuirty,Programming/Technical,SIEM
Cyber Secuirty,Programming/Technical,AWS
Cyber Secuirty,Programming/Technical,SQL
Cyber Secuirty,Programming/Technical,D3
Cyber Secuirty,Programming/Technical,Scala
Cyber Secuirty,Soft Skill,Good Communication
Cyber Secuirty,Business,Management
Cyber Secuirty,Programming/Technical,Java
Cyber Secuirty,Soft Skill,Team Player
Cyber Secuirty,Mathematics,Mathlab
Cyber Secuirty,Programming/Technical,Pandas
Cyber Secuirty,Programming/Technical,Scipy
Cyber Secuirty,Soft Skill,Motivated
Cyber Secuirty,Programming/Technical,Developing models
Cyber Secuirty,Programming/Technical,Cyrptography
Cyber Secuirty,Programming/Technical,Powershell
Cyber Secuirty,Programming/Technical,Scikit
Cyber Secuirty,Analysis,ETL Techniques
Cyber Secuirty,Soft Skill,Meeting deadlines
Cyber Secuirty,Soft Skill,Good communication
Cyber Secuirty,Programming/Technical,Attention to Detail
Cyber Secuirty,Programming/Technical,SQL
Cyber Secuirty,Programming/Technical,Python
Cyber Secuirty,Business,Reporting
Cyber Secuirty,Programming/Technical,Software Development
Cyber Secuirty,Analysis,Statistical Analysis
Cyber Secuirty,Soft Skill,consulting
Cyber Secuirty,Business,Understanding of cloud computing concepts
Cyber Secuirty,Business,Information Assurance Concepts
Cyber Secuirty,Business,Knowledge of Federal Security regulations
Cyber Secuirty,Programming/Technical,Apache Kafka
Cyber Secuirty,Programming/Technical,StealthWatch
Cyber Secuirty,Programming/Technical,Splunk
Cyber Secuirty,Programming/Technical,ELK
Cyber Secuirty,Programming/Technical,Suricata
Cyber Secuirty,Programming/Technical,Packet processing
Cyber Secuirty,Programming/Technical,Docker
Cyber Secuirty,Programming/Technical,Apache Jena
Cyber Secuirty,Programming/Technical,Apache Mesos
Cyber Secuirty,Programming/Technical,Python
Cyber Secuirty,Programming/Technical,R
Cyber Secuirty,Programming/Technical,Ruby
Cyber Secuirty,Programming/Technical,ETL Techniques
Cyber Secuirty,Business,Developing models
Cyber Secuirty,Analysis,Data Analysis
Cyber Secuirty,Soft Skill,Cyber Threat Knowledge
Cyber Secuirty,Soft Skill,Global Politics
Cyber Secuirty,Business,SPSS
Cyber Secuirty,Soft Skill,Problem solving
Cyber Secuirty,Programming/Technical,Software Development
Cyber Secuirty,Soft Skill,Meeting deadlines
Cyber Secuirty,Programming/Technical,C
Cyber Secuirty,Programming/Technical,C++
Cyber Secuirty,Programming/Technical,Software Development
Cyber Secuirty,Programming/Technical,Perl
Cyber Secuirty,Programming/Technical,Ruby
Cyber Secuirty,Programming/Technical,Python
Cyber Secuirty,Soft Skill,Network Protocals
Cyber Secuirty,Soft Skill,Problem solving
Cyber Secuirty,Soft Skill,Good communication
Cyber Secuirty,Soft Skill,Team player
Cyber Secuirty,Soft Skill,Good organziation
Cyber Secuirty,Business,Network Protocals
